ref_name	gene	var_only	var_change	group	target
cat_5_U35036	1	0	.	.	CHL
catA_NG047574_WP002352254	1	0	.	.	CHL
catA1_NG047582_WP000412211	1	0	.	.	CHL
catA16_NG047591_WP063843221	1	0	.	.	CHL
catTC_NG047562_WP032488880	1	0	.	.	CHL
catP_NG047623_WP002570989	1	0	.	.	CHL
catpC194_1_NC002013	1	0	.	.	CHL
catpC233_1_AY355285	1	0	.	.	CHL
catQ_1_M55620	1	0	.	.	CHL
mefA_U70055	1	0	.	.	ERY
mefE_U83667	1	0	.	.	ERY
mefA_NG047966_WP063853625	1	0	.	.	ERY
mefA_NG047961_WP018374806	1	0	.	.	ERY
mefA_NG047972_WP063853689	1	0	.	.	ERY
mefA_NG047973_WP063853698	1	0	.	.	ERY
mefA_NG047977_WP024127829	1	0	.	.	ERY
mefA_NG047960_WP063853563	1	0	.	.	ERY
ermT_NG047841_WP002345002	1	0	.	.	ERY
msrD_2_AF274302	1	0	.	.	ERY
msrD_3_AF227520	1	0	.	.	ERY
23S_NR_076173	0	1	A2061G	.	ERY_CLI
ermB_1_JN899585	1	0	.	.	ERY_CLI
ermB_10_U86375	1	0	.	.	ERY_CLI
ermB_16_X82819	1	0	.	.	ERY_CLI
ermB_20_AF109075	1	0	.	.	ERY_CLI
ermB_NG047797_WP001038790	1	0	.	.	ERY_CLI
ermB_NG047794_WP002292226	1	0	.	.	ERY_CLI
ermB_NG047802_WP001038792	1	0	.	.	ERY_CLI
ermB_NG047801_WP032489723	1	0	.	.	ERY_CLI
ermB_NG056191_WP011018369	1	0	.	.	ERY_CLI
ermBL_HG799494	0	0	.	.	ERY_CLI
ermC_13_M13761	1	0	.	.	ERY_CLI
ermC_NG055988_WP001003260	1	0	.	.	ERY_CLI
ermC_NG047809_WP001003264	1	0	.	.	ERY_CLI
ermTR_CP002121_ADM84485	1	0	.	.	ERY_CLI
gyrA_AE007317	1	1	E85K	.	FQ
gyrA_AE007317	1	1	Q118A	.	FQ
gyrA_AE007317	1	1	S81C	.	FQ
gyrA_AE007317	1	1	S81F	.	FQ
gyrA_AE007317	1	1	S81I	.	FQ
gyrA_AE007317	1	1	S81Y	.	FQ
gyrA_AE007317	1	1	D83H	.	FQ
gyrB_AE007317	1	1	E474K	.	FQ
parC_AE007317	1	1	A63T	.	FQ
parC_AE007317	1	1	D83G	.	FQ
parC_AE007317	1	1	D83N	.	FQ
parC_AE007317	1	1	S79F	.	FQ
parC_AE007317	1	1	S79L	.	FQ
parC_AE007317	1	1	S79Y	.	FQ
parE_AE007317	1	1	D435H	.	FQ
parE_AE007317	1	1	D435N	.	FQ
parE_AE007317	1	1	E474K	.	FQ
parE_AE007317	1	1	P454S	.	FQ
aph3primeIII_1_M26832	1	0	.	.	KAN
aac6primeIe-aph2primeprimeIa_NG047055_WP001028144	1	0	.	.	KAN
aac3Ia_NC022522_WP022542381	1	0	.	.	KAN
aph3primeIIa_NG047417_WP000572405	1	0	.	.	KAN
rpoB_AE007317	1	1	Q150R	.	RIF
rpoB_AE007317	1	1	S481P	.	RIF
rpoB_AE007317	1	1	S482P	.	RIF
rpoB_AE007317	1	1	Q486K	.	RIF
rpoB_AE007317	1	1	Q486L	.	RIF
rpoB_AE007317	1	1	D489E	.	RIF
rpoB_AE007317	1	1	D489N	.	RIF
rpoB_AE007317	1	1	D489V	.	RIF
rpoB_AE007317	1	1	S495F	.	RIF
rpoB_AE007317	1	1	H499D	.	RIF
rpoB_AE007317	1	1	H499L	.	RIF
rpoB_AE007317	1	1	H499N	.	RIF
rpoB_AE007317	1	1	H499S	.	RIF
rpoB_AE007317	1	1	H499Y	.	RIF
rpoB_AE007317	1	1	S504F	.	RIF
rpoB_AE007317	1	1	L506S	.	RIF
folP_AE007317	1	1	.	.	SMX
otrA_X53401	1	0	.	.	TET
tet_M74049	1	0	.	.	TET
tet32_AJ295238	1	0	.	.	TET
tet32_NZCP090888_WP002602099	1	0	.	.	TET
tet36_AJ514254	1	0	.	.	TET
tet44_FN594949	1	0	.	.	TET
tet58_KY887560	1	0	.	.	TET
tetAp_L20800	1	0	.	.	TET
tetAQ2_Z21523	1	0	.	.	TET
tetBp_L20800	1	0	.	.	TET
tetC_NG048177_WP001297013	1	0	.	.	TET
tetK_4_U38428	1	0	.	.	TET
tetL_NG048203_WP001574277	1	0	.	.	TET
tetM_12_FR671418	1	0	.	.	TET
tetM_13_AM990992	1	0	.	.	TET
tetM_2_X90939	1	0	.	.	TET
tetM_4_X75073	1	0	.	.	TET
tetM_5_U58985	1	0	.	.	TET
tetM_8_X04388	1	0	.	.	TET
tetM_M85225	1	0	.	.	TET
tetM_MH283017	1	0	.	.	TET
tetM_NG048230_WP000691743	1	0	.	.	TET
tetM_NG048250_WP000691727	1	0	.	.	TET
tetM_NG048223_WP000691736	1	0	.	.	TET
tetM_NG048246_WP050232631	1	0	.	.	TET
tetM_NG048251_WP063856403	1	0	.	.	TET
tetM_NG048227_WP063856391	1	0	.	.	TET
tetM_NG048244_WP043029018	1	0	.	.	TET
tetM_NG048252_WP000691737	1	0	.	.	TET
tetM_NG048240_WP063856399	1	0	.	.	TET
tetM_NG048237_WP063856397	1	0	.	.	TET
tetM_NG048219_WP063856112	1	0	.	.	TET
tetM_NG048232_WP000691746	1	0	.	.	TET
tetM_NG048247_WP002364936	1	0	.	.	TET
tetM_NG048249_WP024052575	1	0	.	.	TET
tetM_NG048229_WP063856393	1	0	.	.	TET
tetM_NG048222_WP063856115	1	0	.	.	TET
tetM_NG048243_WP011860841	1	0	.	.	TET
tetM_NG048245_WP063856401	1	0	.	.	TET
tetM_NG048233_WP001574275	1	0	.	.	TET
tetM_NG048220_WP063856113	1	0	.	.	TET
tetO_Y07780	1	0	.	.	TET
tetO_NC012216_WP012669445	1	0	.	.	TET
tetO_NG048255_WP000691759	1	0	.	.	TET
tetS_FN555436	1	0	.	.	TET
tetSM	1	0	.	.	TET
tetSM_AY534326	1	0	.	.	TET
tetSM_HM367711	1	0	.	.	TET
tetSM_MH283012	1	0	.	.	TET
tetT_L42544	1	0	.	.	TET
tetW_AJ222769	1	0	.	.	TET
folA_2_29594_2_181	1	1	I100L	.	TMP
folA_3_29330_2_374	1	1	I100L	.	TMP
folA_4_14410_4_33	1	1	I100L	.	TMP
folA_5_21127_2_117	1	1	I100L	.	TMP
folA_6_28042_2_176	1	1	I100L	.	TMP
folA_7_28790_1_77	1	1	I100L	.	TMP
folA_9_11511_8_37	1	1	I100L	.	TMP
folA_AE007317	1	1	I100L	.	TMP
dfrA31_NC011797_WP000703246	1	0	.	.	TMP
dfrF_NG047755_WP002322211	1	0	.	.	TMP
dfrC_NG077973_WP000175735	1	0	.	.	TMP
vanA_M97297	1	0	.	.	VAN
vanB_KC489787	1	0	.	.	VAN
vanC_AF162694	1	0	.	.	VAN
vanD_EU999036	1	0	.	.	VAN
vanE_FJ872411	1	0	.	.	VAN
vanG_KF704242	1	0	.	.	VAN
rrgA_EF560637	1	0	.	.	PILI1
pitB_GU256423	1	0	.	.	PILI2
